상품명,가격,행사종류,편의점,이미지URL
농심)멘토스레인보우,900,1+1,CU,https://tqklhszfkvzk6518638.edge.naverncp.com/product/6921211104292.jpg
농심)멘토스푸르티,900,1+1,CU,https://tqklhszfkvzk6518638.edge.naverncp.com/product/8990800000053.png
동원)양반누룽지닭죽,"4,500",1+1,CU,https://tqklhszfkvzk6518638.edge.naverncp.com/product/8801047161677.png
코카)스프라이트P500ml,"2,200",1+1,CU,https://tqklhszfkvzk6518638.edge.naverncp.com/product/8801094202606.png
웅진)오곡누룽지P500ml,"2,200",1+1,CU,https://tqklhszfkvzk6518638.edge.naverncp.com/product/8801382135036.png
동아)데미소다애플캔250ml,"1,700",1+1,CU,https://tqklhszfkvzk6518638.edge.naverncp.com/product/8801097160064.jpg
HK)헛개수P500ml,"2,500",1+1,CU,https://tqklhszfkvzk6518638.edge.naverncp.com/product/8801007171210.jpg
정식품)검은콩베지밀팩,"1,400",1+1,CU,http://cdn2.bgfretail.com/bgfbrand/files/product/45C3F62F11ED46A6ABDFBC0999EF3690.jpg
풀무원)액티비아업딸기,"2,200",1+1,CU,https://tqklhszfkvzk6518638.edge.naverncp.com/product/8809274510893.png
46cm)초극세모칫솔,"3,500",1+1,CU,https://tqklhszfkvzk6518638.edge.naverncp.com/product/8801051009033.png
메디안)치석케어치약,"5,400",1+1,CU,https://tqklhszfkvzk6518638.edge.naverncp.com/product/8806403146473.jpg
2080)칫솔,"3,000",1+1,CU,https://tqklhszfkvzk6518638.edge.naverncp.com/product/8801046057216.jpg
2080)치약,"4,400",1+1,CU,https://tqklhszfkvzk6518638.edge.naverncp.com/product/8801046846087.jpg
엘라)퍼퓸샴푸,"11,900",1+1,CU,https://tqklhszfkvzk6518638.edge.naverncp.com/product/8801051152845.jpg
페리오)토탈7치약,"4,700",1+1,CU,https://tqklhszfkvzk6518638.edge.naverncp.com/product/8801051064223.png
페리오)이지클리닉칫솔,"2,200",1+1,CU,https://tqklhszfkvzk6518638.edge.naverncp.com/product/8801051010367.jpg
다우니)핑크섬유1L,"15,000",1+1,CU,https://tqklhszfkvzk6518638.edge.naverncp.com/product/4902430311625.png
테크)세탁세제1.4L,"12,900",1+1,CU,https://tqklhszfkvzk6518638.edge.naverncp.com/product/8801051203271.jpg
좋은)유기농롱라이너18P,"4,900",1+1,CU,https://tqklhszfkvzk6518638.edge.naverncp.com/product/8801166222587.png
오랄비)후레쉬칫솔,"2,000",1+1,CU,https://tqklhszfkvzk6518638.edge.naverncp.com/product/3014260844622.jpg
좋은)순면프레쉬대16P,"10,400",1+1,CU,https://tqklhszfkvzk6518638.edge.naverncp.com/product/8801166231367_1.png
진주햄)천하장사50g,"2,400",1+1,CU,https://tqklhszfkvzk6518638.edge.naverncp.com/product/8801077285800.jpg
좋은)순면프레쉬중18P,"10,400",1+1,CU,https://tqklhszfkvzk6518638.edge.naverncp.com/product/8801166234153_1.png
페브리즈)은은한향370ml,"11,000",1+1,CU,https://tqklhszfkvzk6518638.edge.naverncp.com/product/4902430741873.png
쏘피)볼록맞춤울날중4P,"2,000",1+1,CU,https://tqklhszfkvzk6518638.edge.naverncp.com/product/8809016369048.jpg
귀애랑)울날오버나이트12P,"9,500",1+1,CU,https://tqklhszfkvzk6518638.edge.naverncp.com/product/8809016360281.png
미쟝센)데미지샴푸,"18,000",1+1,CU,https://tqklhszfkvzk6518638.edge.naverncp.com/product/8806403068379.jpg
미쟝센)데미지린스,"18,000",1+1,CU,https://tqklhszfkvzk6518638.edge.naverncp.com/product/8806403068409.jpg
쏘피)슈퍼롱와이드10P,"9,400",1+1,CU,https://tqklhszfkvzk6518638.edge.naverncp.com/product/8809299230820.jpg
오가니스트)샴푸200ml,"7,000",1+1,CU,https://tqklhszfkvzk6518638.edge.naverncp.com/product/8801051154139.jpg
오가니스트)린스200ml,"7,000",1+1,CU,https://tqklhszfkvzk6518638.edge.naverncp.com/product/8801051158496.jpg
아이깨끗해)순핸드워시,"8,900",1+1,CU,https://tqklhszfkvzk6518638.edge.naverncp.com/product/8806325614258.png
페브리즈)상쾌한향370ml,"11,000",1+1,CU,https://tqklhszfkvzk6518638.edge.naverncp.com/product/4902430741866.png
풀무원)액티비아업플레인,"2,200",1+1,CU,https://tqklhszfkvzk6518638.edge.naverncp.com/product/8809274510916.png
진주햄)천하장사28g,"1,500",1+1,CU,https://tqklhszfkvzk6518638.edge.naverncp.com/product/8801077285701.jpg
CJ)맥스봉숯불맛핫바90g,"2,700",1+1,CU,https://tqklhszfkvzk6518638.edge.naverncp.com/product/8801007403571.png
46cm)쿨민트치약,"3,900",1+1,CU,https://tqklhszfkvzk6518638.edge.naverncp.com/product/8801051057577.png
쏘피)내몸에순한면대16P,"10,400",1+1,CU,https://tqklhszfkvzk6518638.edge.naverncp.com/product/8809299234842.png
쏘피)내몸에순한면중18P,"10,400",1+1,CU,https://tqklhszfkvzk6518638.edge.naverncp.com/product/8809299234828.png
크리오)뉴미세모칫솔,"2,100",1+1,CU,https://tqklhszfkvzk6518638.edge.naverncp.com/product/8801441013879.png
매일)페레로로쉐3구,"3,500",2+1,CU,https://tqklhszfkvzk6518638.edge.naverncp.com/product/0000080050278.jpg
마즈)엠앤엠밀크초콜릿37g,"1,800",2+1,CU,https://tqklhszfkvzk6518638.edge.naverncp.com/product/6914973603189.jpg
마즈)엠앤엠피넛초콜릿37g,"1,800",2+1,CU,https://tqklhszfkvzk6518638.edge.naverncp.com/product/6914973603202.png
삼경)리콜라허브레몬,"3,300",2+1,CU,https://tqklhszfkvzk6518638.edge.naverncp.com/product/7610700607046.jpg
롯데)구구콘,"2,500",2+1,CU,https://tqklhszfkvzk6518638.edge.naverncp.com/product/8801118250606.jpg
샘표)질러부드러운육포30g,"4,900",2+1,CU,https://tqklhszfkvzk6518638.edge.naverncp.com/product/8801005013116.jpg
CJ)맥스봉치즈50g,"2,200",2+1,CU,https://tqklhszfkvzk6518638.edge.naverncp.com/product/8801007021652.jpg
CJ)맛밤80g,"3,900",2+1,CU,https://tqklhszfkvzk6518638.edge.naverncp.com/product/8801007022635.jpg
롯데)의성마늘핫바70g,"2,600",2+1,CU,https://tqklhszfkvzk6518638.edge.naverncp.com/product/8801123307289.jpg
동원)덴마크스트링치즈,"1,700",2+1,CU,https://tqklhszfkvzk6518638.edge.naverncp.com/product/8801155834616.jpg
동원)양반전복죽,"4,500",2+1,CU,https://tqklhszfkvzk6518638.edge.naverncp.com/product/8801047161578.png
오뚜기)진라면매운컵,"1,400",2+1,CU,https://tqklhszfkvzk6518638.edge.naverncp.com/product/8801045571638_1.png
오뚜기)맛있는밥210g,"2,000",2+1,CU,https://tqklhszfkvzk6518638.edge.naverncp.com/product/8801045890418.jpg
동원)양반호박죽,"4,500",2+1,CU,https://tqklhszfkvzk6518638.edge.naverncp.com/product/8801047161592.png
웅진)자연은알로에P500ml,"2,350",2+1,CU,https://tqklhszfkvzk6518638.edge.naverncp.com/product/8801382127789.jpg
HK)컨디션헛개병,"5,000",2+1,CU,https://tqklhszfkvzk6518638.edge.naverncp.com/product/8801007071046.png
현대)미에로화이바P350ml,"2,200",2+1,CU,https://tqklhszfkvzk6518638.edge.naverncp.com/product/8806004407133.jpg
칸타타)라떼캔275ml,"2,500",2+1,CU,https://tqklhszfkvzk6518638.edge.naverncp.com/product/8801056018948.png
광동)진한헛개차P500ml,"2,500",2+1,CU,https://tqklhszfkvzk6518638.edge.naverncp.com/product/8806002009957.png
남양)17차P500ml,"2,200",2+1,CU,https://tqklhszfkvzk6518638.edge.naverncp.com/product/8801069174020.jpg
칸타타)카라멜캔275ml,"2,500",2+1,CU,https://tqklhszfkvzk6518638.edge.naverncp.com/product/8801056051921.png
광동)헛개파워병,"5,000",2+1,CU,https://tqklhszfkvzk6518638.edge.naverncp.com/product/8806002010861.png
매일)바리스타에스프250ml,"2,900",2+1,CU,https://tqklhszfkvzk6518638.edge.naverncp.com/product/8801121106792.png
매일)바리스타스모키250ml,"2,900",2+1,CU,https://tqklhszfkvzk6518638.edge.naverncp.com/product/8801121107935.png
농심)카프리썬오렌지팩200,"1,100",2+1,CU,https://tqklhszfkvzk6518638.edge.naverncp.com/product/8801043650182.jpg
매일)바리스타모카250ml,"2,900",2+1,CU,https://tqklhszfkvzk6518638.edge.naverncp.com/product/8801121107942.png
농심)파워오투오렌지P500,"2,300",2+1,CU,https://tqklhszfkvzk6518638.edge.naverncp.com/product/4005906404835.jpg
농심)백산수P500ml,"1,000",2+1,CU,https://tqklhszfkvzk6518638.edge.naverncp.com/product/8801043022781.png
HK)컨디션레이디병,"5,000",2+1,CU,https://tqklhszfkvzk6518638.edge.naverncp.com/product/8801007178233.png
매일)커피속에모카치노,"2,000",2+1,CU,https://tqklhszfkvzk6518638.edge.naverncp.com/product/8801121130568.png
리스테린)쿨민트250ml,"5,000",2+1,CU,https://tqklhszfkvzk6518638.edge.naverncp.com/product/8801008700105.jpg
샤프란)섬유유연제1L,"4,950",2+1,CU,https://tqklhszfkvzk6518638.edge.naverncp.com/product/8801051263558.jpg
광동)옥수수수염P500ml,"2,200",2+1,CU,https://tqklhszfkvzk6518638.edge.naverncp.com/product/8806002006437.png
일신)바주카빅보틀팝,"3,000",2+1,CU,https://tqklhszfkvzk6518638.edge.naverncp.com/product/5011053018336.jpg
CJ)햇반흑미밥210g,"2,800",2+1,CU,https://tqklhszfkvzk6518638.edge.naverncp.com/product/8801007038780.jpg
CJ)햇반발아현미밥210g,"2,800",2+1,CU,https://tqklhszfkvzk6518638.edge.naverncp.com/product/8801007010410.jpg
크라운)마이쮸딸기,800,2+1,CU,https://tqklhszfkvzk6518638.edge.naverncp.com/product/8801111187879.jpg
크라운)마이쮸포도,800,2+1,CU,https://tqklhszfkvzk6518638.edge.naverncp.com/product/8801111187893.jpg
대상)고구마츄60g,"3,900",2+1,CU,https://tqklhszfkvzk6518638.edge.naverncp.com/product/8801052004068.jpg
칸타타)아메캔275ml,"2,500",2+1,CU,https://tqklhszfkvzk6518638.edge.naverncp.com/product/8801056018900.png
